# On branch master
# Your branch is behind 'origin/master' by 1 commit, and can be fast-forwarded.
#   (use "git pull" to update your local branch)
#
# Changes not staged for commit:
#   (use "git add <file>..." to update what will be committed)
#   (use "git checkout -- <file>..." to discard changes in working directory)
#
#	modified:   Developing
#	modified:   LICENSE
#	modified:   README.md
#	modified:   README1st.txt
#	modified:   lib/common/selinuxoff.sh
#	modified:   modules/Base/sipcalc-1.1.6-4.fc20.x86_64.rpm
#	modified:   modules/Conntrack/conntrack.logrotate
#	modified:   modules/Conntrack/security
#	modified:   modules/Conntrack/security:netfilter.repo
#	modified:   modules/DenyHosts/denyhosts.conf
#	modified:   modules/DenyHosts/denyhosts.logrotate
#	modified:   modules/Firewall/FW-SCIFI.fwb
#	modified:   modules/Firewall/Templates/SimpleServerSCIFI.fwb
#	modified:   modules/Firewall/firewall.logrotate
#	modified:   modules/JBossAS.sh
#	modified:   modules/LDAP/DB_CONFIG.example
#	modified:   modules/LDAP/LDAP.conf/.sssd.conf.swp
#	modified:   modules/LDAP/ldap.cron
#	modified:   modules/LDAP/schema/breduperson.0.0.6.schema
#	modified:   modules/LDAP/schema/eduperson.schema
#	modified:   modules/LDAP/schema/kerberos.schema
#	modified:   modules/LDAP/schema/radius.schema
#	modified:   modules/LDAP/schema/samba.schema
#	modified:   modules/LDAP/schema/schac-20061212-1.3.0
#	modified:   modules/LDAP/slapd.conf
#	modified:   modules/LDAP/slapd.logrotate
#	modified:   modules/LDAP/slapd.rsyslog
#	modified:   modules/LDAPolc/DB_CONFIG.example
#	modified:   modules/LDAPolc/LDAP.conf/.sssd.conf.swp
#	modified:   modules/LDAPolc/ldap.cron
#	modified:   modules/LDAPolc/schema/breduperson.0.0.6.schema
#	modified:   modules/LDAPolc/schema/eduperson.schema
#	modified:   modules/LDAPolc/schema/kerberos.schema
#	modified:   modules/LDAPolc/schema/radius.schema
#	modified:   modules/LDAPolc/schema/samba.schema
#	modified:   modules/LDAPolc/schema/schac-20061212-1.3.0
#	modified:   modules/LDAPolc/slapd.conf
#	modified:   modules/LDAPolc/slapd.d.tar.gz
#	modified:   modules/LDAPolc/slapd.d/cn=config.ldif
#	modified:   modules/LDAPolc/slapd.d/cn=config/cn=module{0}.ldif
#	modified:   modules/LDAPolc/slapd.d/cn=config/cn=schema.ldif
#	modified:   modules/LDAPolc/slapd.d/cn=config/cn=schema/cn={0}corba.ldif
#	modified:   modules/LDAPolc/slapd.d/cn=config/cn=schema/cn={10}ppolicy.ldif
#	modified:   modules/LDAPolc/slapd.d/cn=config/cn=schema/cn={11}collective.ldif
#	modified:   modules/LDAPolc/slapd.d/cn=config/cn=schema/cn={12}samba.ldif
#	modified:   modules/LDAPolc/slapd.d/cn=config/cn=schema/cn={13}eduperson.ldif
#	modified:   modules/LDAPolc/slapd.d/cn=config/cn=schema/cn={14}breduperson.ldif
#	modified:   modules/LDAPolc/slapd.d/cn=config/cn=schema/cn={15}schac-20061212-1.ldif
#	modified:   modules/LDAPolc/slapd.d/cn=config/cn=schema/cn={16}radius.ldif
#	modified:   modules/LDAPolc/slapd.d/cn=config/cn=schema/cn={17}kerberos.ldif
#	modified:   modules/LDAPolc/slapd.d/cn=config/cn=schema/cn={1}core.ldif
#	modified:   modules/LDAPolc/slapd.d/cn=config/cn=schema/cn={2}cosine.ldif
#	modified:   modules/LDAPolc/slapd.d/cn=config/cn=schema/cn={3}duaconf.ldif
#	modified:   modules/LDAPolc/slapd.d/cn=config/cn=schema/cn={4}dyngroup.ldif
#	modified:   modules/LDAPolc/slapd.d/cn=config/cn=schema/cn={5}inetorgperson.ldif
#	modified:   modules/LDAPolc/slapd.d/cn=config/cn=schema/cn={6}java.ldif
#	modified:   modules/LDAPolc/slapd.d/cn=config/cn=schema/cn={7}misc.ldif
#	modified:   modules/LDAPolc/slapd.d/cn=config/cn=schema/cn={8}nis.ldif
#	modified:   modules/LDAPolc/slapd.d/cn=config/cn=schema/cn={9}openldap.ldif
#	modified:   modules/LDAPolc/slapd.d/cn=config/olcDatabase={-1}frontend.ldif
#	modified:   modules/LDAPolc/slapd.d/cn=config/olcDatabase={0}config.ldif
#	modified:   modules/LDAPolc/slapd.d/cn=config/olcDatabase={1}monitor.ldif
#	modified:   modules/LDAPolc/slapd.d/cn=config/olcDatabase={2}hdb.ldif
#	modified:   modules/LDAPolc/slapd.d/cn=config/olcDatabase={2}hdb/olcOverlay={0}memberof.ldif
#	modified:   modules/LDAPolc/slapd.d/cn=config/olcDatabase={2}hdb/olcOverlay={1}syncprov.ldif
#	modified:   modules/LDAPolc/slapd.logrotate
#	modified:   modules/LDAPolc/slapd.rsyslog
#	modified:   modules/Logs/logrotate.conf
#	modified:   modules/Logs/rsyslog6.conf
#	modified:   modules/Logs/rsyslog7.conf
#	modified:   modules/MRTG/etcmrtg/devices.inc
#	modified:   modules/MRTG/etcmrtg/devices/scifi.cfg
#	modified:   modules/MRTG/etcmrtg/mrtg.cfg
#	modified:   modules/MRTG/etcmrtg/templates/TL-WR740N
#	modified:   modules/MRTG/etcmrtg/templates/TL-WR740N.html
#	modified:   modules/MRTG/etcmrtg/templates/TL-WR740N.php
#	modified:   modules/MRTG/etcmrtg/templates/TL-WR743ND
#	modified:   modules/MRTG/etcmrtg/templates/TL-WR743ND.html
#	modified:   modules/MRTG/etcmrtg/templates/TL-WR743ND.php
#	modified:   modules/MRTG/etcmrtg/templates/UBNT-BM2HP
#	modified:   modules/MRTG/etcmrtg/templates/UBNT-BM2HP.html
#	modified:   modules/MRTG/etcmrtg/templates/UBNT-BM2HP.php
#	modified:   modules/MRTG/etcmrtg/templates/UBNT-NSLM2
#	modified:   modules/MRTG/etcmrtg/templates/UBNT-NSLM2.html
#	modified:   modules/MRTG/etcmrtg/templates/UBNT-NSLM2.php
#	modified:   modules/MRTG/etcmrtg/templates/UBNT-PSM2HP
#	modified:   modules/MRTG/etcmrtg/templates/UBNT-PSM2HP.html
#	modified:   modules/MRTG/etcmrtg/templates/UBNT-PSM2HP.php
#	modified:   modules/MRTG/etcmrtg/templates/ap
#	modified:   modules/MRTG/etcmrtg/templates/ap.html
#	modified:   modules/MRTG/etcmrtg/templates/ap.php
#	modified:   modules/MRTG/mrtg.cron
#	modified:   modules/MRTG/mrtg.group.conf
#	modified:   modules/MRTG/mrtg.logrotate
#	modified:   modules/MRTG/mrtg.no.conf
#	modified:   modules/MRTG/mrtg.users.conf
#	modified:   modules/MRTG/varwwwmrtg/backup-logs.sh
#	modified:   modules/MRTG/varwwwmrtg/classes/cpu.php
#	modified:   modules/MRTG/varwwwmrtg/classes/disk.php
#	modified:   modules/MRTG/varwwwmrtg/classes/memory.php
#	modified:   modules/MRTG/varwwwmrtg/classes/user.php
#	modified:   modules/MRTG/varwwwmrtg/css/jquery.dataTables.css
#	modified:   modules/MRTG/varwwwmrtg/css/jquery.dataTables_old.css
#	modified:   modules/MRTG/varwwwmrtg/css/style.css
#	modified:   modules/MRTG/varwwwmrtg/css/style_old.css
#	modified:   modules/MRTG/varwwwmrtg/devices/index.php
#	modified:   modules/MRTG/varwwwmrtg/favicon.ico
#	modified:   modules/MRTG/varwwwmrtg/figuras/barraConteudo.png
#	modified:   modules/MRTG/varwwwmrtg/figuras/barraTopo.png
#	modified:   modules/MRTG/varwwwmrtg/figuras/figuraTopo.png
#	modified:   modules/MRTG/varwwwmrtg/figuras/fundoLogin.png
#	modified:   modules/MRTG/varwwwmrtg/figuras/fundoRodape.png
#	modified:   modules/MRTG/varwwwmrtg/figuras/fundoSobreTopo.png
#	modified:   modules/MRTG/varwwwmrtg/figuras/fundoTopo.png
#	modified:   modules/MRTG/varwwwmrtg/figuras/fundoTopoConteudo.png
#	modified:   modules/MRTG/varwwwmrtg/figuras/logos/.svn/entries
#	modified:   modules/MRTG/varwwwmrtg/figuras/logos/computacao.png
#	modified:   modules/MRTG/varwwwmrtg/figuras/logos/engenharia.png
#	modified:   modules/MRTG/varwwwmrtg/figuras/logos/midiacom.png
#	modified:   modules/MRTG/varwwwmrtg/figuras/logos/rnp.png
#	modified:   modules/MRTG/varwwwmrtg/figuras/logos/uff.png
#	modified:   modules/MRTG/varwwwmrtg/figuras/menu/classes/classe.png
#	modified:   modules/MRTG/varwwwmrtg/figuras/menu/classes/classehover.png
#	modified:   modules/MRTG/varwwwmrtg/figuras/menu/classes/cpu.png
#	modified:   modules/MRTG/varwwwmrtg/figuras/menu/classes/cpuhover.png
#	modified:   modules/MRTG/varwwwmrtg/figuras/menu/classes/disk.png
#	modified:   modules/MRTG/varwwwmrtg/figuras/menu/classes/diskhover.png
#	modified:   modules/MRTG/varwwwmrtg/figuras/menu/classes/memory.png
#	modified:   modules/MRTG/varwwwmrtg/figuras/menu/classes/memory_old.png
#	modified:   modules/MRTG/varwwwmrtg/figuras/menu/classes/memoryhover.png
#	modified:   modules/MRTG/varwwwmrtg/figuras/menu/classes/memoryhover_old.png
#	modified:   modules/MRTG/varwwwmrtg/figuras/menu/classes/network.png
#	modified:   modules/MRTG/varwwwmrtg/figuras/menu/classes/network_old.png
#	modified:   modules/MRTG/varwwwmrtg/figuras/menu/classes/networkhover.png
#	modified:   modules/MRTG/varwwwmrtg/figuras/menu/classes/networkhover_old.png
#	modified:   modules/MRTG/varwwwmrtg/figuras/menu/classes/numclientes.png
#	modified:   modules/MRTG/varwwwmrtg/figuras/menu/classes/numclienteshover.png
#	modified:   modules/MRTG/varwwwmrtg/figuras/menu/classes/throughput.png
#	modified:   modules/MRTG/varwwwmrtg/figuras/menu/classes/throughputhover.png
#	modified:   modules/MRTG/varwwwmrtg/figuras/menu/classes/user.png
#	modified:   modules/MRTG/varwwwmrtg/figuras/menu/classes/userhover.png
#	modified:   modules/MRTG/varwwwmrtg/figuras/menu/classes/wlan.png
#	modified:   modules/MRTG/varwwwmrtg/figuras/menu/classes/wlanhover.png
#	modified:   modules/MRTG/varwwwmrtg/figuras/menu/dispositivos/dispositivo.png
#	modified:   modules/MRTG/varwwwmrtg/figuras/menu/dispositivos/dispositivohover.png
#	modified:   modules/MRTG/varwwwmrtg/figuras/menu/fundoMenu.png
#	modified:   modules/MRTG/varwwwmrtg/figuras/menu/fundoMenu2.png
#	modified:   modules/MRTG/varwwwmrtg/figuras/menu/fundoSubMenu.png
#	modified:   modules/MRTG/varwwwmrtg/figuras/menu/fundoSubMenuRegioes.png
#	modified:   modules/MRTG/varwwwmrtg/figuras/menu/fundoTopoConteudo.png
#	modified:   modules/MRTG/varwwwmrtg/figuras/mrtg.png
#	modified:   modules/MRTG/varwwwmrtg/index.php
#	modified:   modules/MRTG/varwwwmrtg/javascript/jquery-1.9.1.min.js
#	modified:   modules/MRTG/varwwwmrtg/javascript/jquery.dataTables.min.js
#	modified:   modules/MRTG/varwwwmrtg/javascript/script.js
#	modified:   modules/MRTG/varwwwmrtg/javascript/script_old.js
#	modified:   modules/MRTG/varwwwmrtg/mrtg-l.gif
#	modified:   modules/MRTG/varwwwmrtg/mrtg-l.png
#	modified:   modules/MRTG/varwwwmrtg/mrtg-m.gif
#	modified:   modules/MRTG/varwwwmrtg/mrtg-m.png
#	modified:   modules/MRTG/varwwwmrtg/mrtg-r.gif
#	modified:   modules/MRTG/varwwwmrtg/mrtg-r.png
#	modified:   modules/MRTG/varwwwmrtg/mrtg-ti.gif
#	modified:   modules/MRTG/varwwwmrtg/mrtg-ti.png
#	modified:   modules/MRTG/varwwwmrtg/scifi/index.php
#	modified:   modules/MRTG/varwwwmrtg/scifi/index_old.html
#	modified:   modules/MRTG/varwwwmrtg/scifi/scifi_cpu-day.png
#	modified:   modules/MRTG/varwwwmrtg/scifi/scifi_cpu-month.png
#	modified:   modules/MRTG/varwwwmrtg/scifi/scifi_cpu-week.png
#	modified:   modules/MRTG/varwwwmrtg/scifi/scifi_cpu-year.png
#	modified:   modules/MRTG/varwwwmrtg/scifi/scifi_cpu.html
#	modified:   modules/MRTG/varwwwmrtg/scifi/scifi_cpu.log
#	modified:   modules/MRTG/varwwwmrtg/scifi/scifi_cpu.old
#	modified:   modules/MRTG/varwwwmrtg/scifi/scifi_dsk-day.png
#	modified:   modules/MRTG/varwwwmrtg/scifi/scifi_dsk-month.png
#	modified:   modules/MRTG/varwwwmrtg/scifi/scifi_dsk-week.png
#	modified:   modules/MRTG/varwwwmrtg/scifi/scifi_dsk-year.png
#	modified:   modules/MRTG/varwwwmrtg/scifi/scifi_dsk.html
#	modified:   modules/MRTG/varwwwmrtg/scifi/scifi_dsk.log
#	modified:   modules/MRTG/varwwwmrtg/scifi/scifi_dsk.old
#	modified:   modules/MRTG/varwwwmrtg/scifi/scifi_eth0-day.png
#	modified:   modules/MRTG/varwwwmrtg/scifi/scifi_eth0-month.png
#	modified:   modules/MRTG/varwwwmrtg/scifi/scifi_eth0-week.png
#	modified:   modules/MRTG/varwwwmrtg/scifi/scifi_eth0-year.png
#	modified:   modules/MRTG/varwwwmrtg/scifi/scifi_eth0.html
#	modified:   modules/MRTG/varwwwmrtg/scifi/scifi_eth0.log.old
#	modified:   modules/MRTG/varwwwmrtg/scifi/scifi_eth1-day.png
#	modified:   modules/MRTG/varwwwmrtg/scifi/scifi_eth1-month.png
#	modified:   modules/MRTG/varwwwmrtg/scifi/scifi_eth1-week.png
#	modified:   modules/MRTG/varwwwmrtg/scifi/scifi_eth1-year.png
#	modified:   modules/MRTG/varwwwmrtg/scifi/scifi_eth1.html
#	modified:   modules/MRTG/varwwwmrtg/scifi/scifi_eth1.log
#	modified:   modules/MRTG/varwwwmrtg/scifi/scifi_eth1.log.old
#	modified:   modules/MRTG/varwwwmrtg/scifi/scifi_eth1.old
#	modified:   modules/MRTG/varwwwmrtg/scifi/scifi_memp-day.png
#	modified:   modules/MRTG/varwwwmrtg/scifi/scifi_memp-month.png
#	modified:   modules/MRTG/varwwwmrtg/scifi/scifi_memp-week.png
#	modified:   modules/MRTG/varwwwmrtg/scifi/scifi_memp-year.png
#	modified:   modules/MRTG/varwwwmrtg/scifi/scifi_memp.html
#	modified:   modules/MRTG/varwwwmrtg/scifi/scifi_memp.log
#	modified:   modules/MRTG/varwwwmrtg/scifi/scifi_memp.old
#	modified:   modules/MRTG/varwwwmrtg/scifi/scifi_net-day.png
#	modified:   modules/MRTG/varwwwmrtg/scifi/scifi_net-month.png
#	modified:   modules/MRTG/varwwwmrtg/scifi/scifi_net-week.png
#	modified:   modules/MRTG/varwwwmrtg/scifi/scifi_net-year.png
#	modified:   modules/MRTG/varwwwmrtg/scifi/scifi_net.html
#	modified:   modules/MRTG/varwwwmrtg/scifi/scifi_net.log
#	modified:   modules/MRTG/varwwwmrtg/scifi/scifi_net.old
#	modified:   modules/MRTG/varwwwmrtg/scifi/scifi_usu-day.png
#	modified:   modules/MRTG/varwwwmrtg/scifi/scifi_usu-month.png
#	modified:   modules/MRTG/varwwwmrtg/scifi/scifi_usu-week.png
#	modified:   modules/MRTG/varwwwmrtg/scifi/scifi_usu-year.png
#	modified:   modules/MRTG/varwwwmrtg/scifi/scifi_usu.html
#	modified:   modules/MRTG/varwwwmrtg/scifi/scifi_usu.log
#	modified:   modules/MRTG/varwwwmrtg/scifi/scifi_usu.old
#	modified:   modules/NTPD/ntp.conf.6
#	modified:   modules/NTPD/ntp.conf.7
#	modified:   modules/Nagios/nagios-group.conf
#	modified:   modules/Nagios/nagios-users.conf
#	modified:   modules/Nagios/nagios.cron
#	modified:   modules/Nagios/nagios/aps/ap0011.cfg
#	modified:   modules/Nagios/nagios/cgi.cfg
#	modified:   modules/Nagios/nagios/conf.d/nothing.txt
#	modified:   modules/Nagios/nagios/nagios.cfg
#	modified:   modules/Nagios/nagios/nrpe.cfg
#	modified:   modules/Nagios/nagios/objects/commands.cfg
#	modified:   modules/Nagios/nagios/objects/contacts.cfg
#	modified:   modules/Nagios/nagios/objects/hostgroups.cfg
#	modified:   modules/Nagios/nagios/objects/localhost.cfg
#	modified:   modules/Nagios/nagios/objects/printer.cfg
#	modified:   modules/Nagios/nagios/objects/switch.cfg
#	modified:   modules/Nagios/nagios/objects/templates.cfg
#	modified:   modules/Nagios/nagios/objects/timeperiods.cfg
#	modified:   modules/Nagios/nagios/objects/windows.cfg
#	modified:   modules/Nagios/nagios/passwd
#	modified:   modules/Nagios/nagios/private/resource.cfg
#	modified:   modules/Nagios/nagios/routers/InternetGateway.cfg
#	modified:   modules/Nagios/nagios/servers/scifi.cfg
#	modified:   modules/Nagios/nagios/switches/nothing.txt
#	modified:   modules/Nagios/nagios/templates/TL-WR740N
#	modified:   modules/Nagios/nagios/templates/ap-pico
#	modified:   modules/Nagios/wifi.png
#	modified:   modules/NetDot/Site.conf
#	modified:   modules/NetDot/Site.conf.ori
#	modified:   modules/NetDot/snmp.conf
#	modified:   modules/NetDot/snmp.conf.NetDisco
#	modified:   modules/Postfix/main.cf
#	modified:   modules/Postfix/sasl_passwd
#	modified:   modules/RADIUS/freeradius-2.2.6-4.el6.x86_64.rpm
#	modified:   modules/RADIUS/freeradius-ldap-2.2.6-4.el6.x86_64.rpm
#	modified:   modules/RADIUS/freeradius-utils-2.2.6-4.el6.x86_64.rpm
#	modified:   modules/RADIUS/raddb/clients.conf
#	modified:   modules/RADIUS/raddb/eap.conf
#	modified:   modules/RADIUS/raddb/modules/ldap
#	modified:   modules/RADIUS/raddb/radiusd.conf
#	modified:   modules/RADIUS/raddb/sites-available/default
#	modified:   modules/RADIUS/raddb/sites-available/inner-tunnel
#	modified:   modules/RadSecProxy.sh
#	modified:   modules/RadSecProxy/RNP/FQDN.crt.example
#	modified:   modules/RadSecProxy/RNP/FQDN.key.example
#	modified:   modules/RadSecProxy/RNP/clients.conf
#	modified:   modules/RadSecProxy/RNP/configura
#	modified:   modules/RadSecProxy/RNP/proxy.conf
#	modified:   modules/RadSecProxy/RNP/radsecproxy.conf
#	modified:   modules/RadSecProxy/RNP/rnp-ca.crt.example
#	modified:   modules/RadSecProxy/radsecproxy
#	modified:   modules/RadSecProxy/radsecproxy-1.6.5.tar.gz
#	modified:   modules/RadSecProxy/scifi.txt
#	modified:   modules/SNMPD/snmpd.conf
#	modified:   modules/SSHD/sshd_config
#	modified:   modules/phpLDAPadmin/config.php
#	modified:   modules/phpLDAPadmin/phpldapadmin.conf
#
# Untracked files:
#   (use "git add <file>..." to include in what will be committed)
#
#	modules/JBossAS/
#	strange
no changes added to commit (use "git add" and/or "git commit -a")
